date_utc,name,amountUsd,target,classification,t0_flow_utc,t0_source,t0_public_at_time,t1_alert_utc,t1_source,t1_public_at_time,t2_official_utc,t2_source,t2_public_at_time,timestamp_quality,tradability_status,notes
2022-01-18,Crypto.com,33700000,CEX,Frontend & Infrastructure,,,,2022-01-17T04:44:00Z,https://cryptoreal.news/article/cryptocom-rekt,TRUE,2022-01-17T12:17:35.077Z,https://twitter.com/cryptocom/status/1483050866894868484,TRUE,Q1,ELIGIBLE_T1,First public emergency notice paused withdrawals over suspicious activity. Exact 04:44 UTC preserved by a timestamped secondary archive; later official unauthorized-activity update has an exact X snowflake timestamp.
2022-01-28,Qubit,80000000,DeFi Protocol,Input Validation,2022-01-27T21:34:01Z,https://medium.com/@QubitFin/protocol-exploit-report-305c34540fa3,FALSE,,,,,,,UNRESOLVED,UNRESOLVED,Official postmortem gives first exploit deposit at 21:34:01 UTC; identification is later forensic and no exact earliest public alert is frozen yet.,
2022-02-02,Portal,326000000,DeFi Protocol,Input Validation,2022-02-02T18:24:13Z,https://metatrust.io/blogs/post/how-the-120k-eth-was-recovered-from-the-exploiter-of-wormhole-attacker,FALSE,2022-02-02T20:42:24.490Z,https://twitter.com/wormholecrypto/status/1488976115750383626,TRUE,,,,Q1,ELIGIBLE_T1,Portal row maps to Wormhole. Official public notice said network down while investigating a potential exploit. X status timestamp decoded from snowflake; attack time remains retrospective and not primary.
2022-02-10,Dego Finance,10000000,DeFi Protocol,Key Compromise,2022-02-09T23:29:00Z,https://degofinance.medium.com/to-dego-community-summary-of-the-event-after-a-thorough-investigation-and-efforts-5315a98d9984,FALSE,,,,,,,UNRESOLVED,UNRESOLVED,Official later postmortem says attack from approx 23:29 UTC and private team anomaly detection at 03:00 UTC; exact public announcement timestamp not yet established.,
2022-02-12,IRA Financial / Gemini,36000000,CEX,Frontend & Infrastructure,,,,,,,,,,UNRESOLVED,UNRESOLVED,"Actual unauthorized crypto theft is documented, but no exact minute-level earliest public security alert satisfying Q1 was preserved in Batch 2."
2022-03-23,Cashio,52800000,DeFi Protocol,Input Validation,,,,,,,2022-03-23T09:59:00Z,https://rekt.news/cashio-rekt,TRUE,Q2,ELIGIBLE_T2,Rekt preserves Cashio's public announcement at 09:59 UTC. T0 is not frozen because sources conflict: Rekt says exploit began 08:15 while CertiK gives 08:23:26.,
2022-03-23,Ronin Bridge,624000000,DeFi Protocol,Key Compromise,2022-03-23T00:00:00Z,https://medium.com/sentinel-protocol/ronin-bridge-exploit-cashing-out-through-huobi-ftx-crypto-com-a8c8980a8d8f,FALSE,2022-03-29T15:29:34.684Z,https://twitter.com/Ronin_Network/status/1508828722085867521,TRUE,2022-03-29T15:29:34.684Z,https://twitter.com/Ronin_Network/status/1508828722085867521,TRUE,Q1,ELIGIBLE_T1,"Ronin discovered and publicly announced the exploit days after the theft. T1 is exact official alert; source-universe incident date reflects attack, but frozen split uses T1 date."
2022-04-02,Inverse Finance Frontier,15600000,DeFi Protocol,Oracle Manipulation,2022-04-02T11:04:09Z,https://www.certik.com/blog/inverse-finance-02-april-2022,FALSE,,,,,,,UNRESOLVED,UNRESOLVED,Later forensic analysis fixes exploit at 11:04:09 UTC. PeckShield publicly flagged and Inverse acknowledged the incident later that morning but exact earliest alert timestamp is not yet frozen.,
2022-04-12,Elephant Money,22200000,DeFi Protocol,Oracle Manipulation,,,,,,,,https://medium.com/elephant-money/reserve-exploit-52fd36ccc7e8,TRUE,Q4,DATE_ONLY,Official live-update post confirms public disclosure on Apr 12 but current accessible source does not establish an exact intraday publication time.,
2022-04-17,Beanstalk,181000000,DeFi Protocol,Governance,2022-04-17T12:24:16Z,https://github.com/ThatsRekt/thatsRekt/blob/main/data/historic-incidents.json,FALSE,2022-04-17T12:41:00Z,https://cointelegraph.com/news/beanstalk-farms-loses-182m-in-defi-governance-exploit,TRUE,,,,Q1,ELIGIBLE_T1,Forensic attack timestamp 12:24:16 UTC; Cointelegraph preserves PeckShield public alert at 12:41 UTC. This provides a defensible public security-alert trigger.,
2022-04-28,DEUS Finance,13400000,DeFi Protocol,Oracle Manipulation,,,,,,,,,,,,UNASSESSED,
2022-04-30,Saddle Finance,11000000,DeFi Protocol,Protocol Logic,,,,,,,,,,,,UNASSESSED,
2022-05-01,Rari Capital,80000000,DeFi Protocol,Reentrancy,,,,,,,,,,,,UNASSESSED,
2022-05-11,Drift Trade,14500000,DeFi Protocol,Market Manipulation,,,,,,,,,,,,UNASSESSED,
2022-05-12,Venus Protocol,11200000,DeFi Protocol,Oracle Manipulation,,,,,,,,,,,,UNASSESSED,
2022-06-05,Elrond,113000000,DeFi Protocol,Token & Share Accounting,,,,,,,,,,,,UNASSESSED,
2022-06-05,Wintermute,17600000,DeFi Protocol,Access Control,,,,,,,,,,,,UNASSESSED,
2022-06-23,Harmony Bridge,100000000,DeFi Protocol,Key Compromise,2022-06-23T12:30:00Z,https://medium.com/harmony-one/harmonys-horizon-bridge-hack-1e8d283b6d66,FALSE,2022-06-23T23:13:52.911Z,https://twitter.com/harmonyprotocol/status/1540110924400324608,TRUE,2022-06-23T23:13:52.911Z,https://twitter.com/harmonyprotocol/status/1540110924400324608,TRUE,Q1,ELIGIBLE_T1,Harmony official public hack announcement exact timestamp decoded from X snowflake. Earlier attack and partner notifications were not public triggers.
2022-08-01,Nomad,190000000,DeFi Protocol,Bridge & Cross-Chain,2022-08-01T21:32:31Z,https://postquantum.com/crypto-security/nomad-bridge-hack/,FALSE,2022-08-01T23:05:00Z,https://www.theblock.co/news/ecosystems/2022-08-01-nomad-cross-chain-crypto-bridge-suffers-possible-exploit-160731,TRUE,2022-08-01T23:25:01.005Z,https://twitter.com/nomadxyz_/status/1554246853348036608,TRUE,Q1,ELIGIBLE_T1,The Block published a minute-level public possible-exploit report citing PeckShield before Nomad's exact official status. Using the earlier preserved public alert avoids substituting the later official confirmation.
2022-09-20,Wintermute,160000000,Other,Social Engineering,,,,,,,,,,,,UNASSESSED,
2022-10-02,Transit Swap,28900000,DeFi Protocol,Input Validation,,,,,,,,,,,,UNASSESSED,
2022-10-06,Binance Bridge,570000000,DeFi Protocol,Bridge & Cross-Chain,,,,2022-10-06T23:51:19.238Z,https://twitter.com/cz_binance/status/1578171072067031042,TRUE,2022-10-06T23:51:19.238Z,https://twitter.com/cz_binance/status/1578171072067031042,TRUE,Q1,ELIGIBLE_T1,Earlier BNB Chain post only said irregular activity; frozen Q1 requires unambiguous suspected hack/exploit. CZ's exact public post explicitly identified a cross-chain bridge exploit; timestamp decoded from X snowflake.
2022-10-11,Mango Markets V3,115000000,DeFi Protocol,Oracle Manipulation,,,,,,,,,,,,UNASSESSED,
2022-10-27,Team Finance,15800000,DeFi Protocol,Input Validation,,,,,,,,,,,,UNASSESSED,
2022-11-01,Deribit,28000000,CEX,Key Compromise,2022-11-01T23:56:00Z,https://dn.institute/research/cyberattacks/incidents/2022-11-01-deribit/,FALSE,2022-11-02T07:03:00Z,https://dn.institute/research/cyberattacks/incidents/2022-11-01-deribit/,TRUE,2022-11-02T07:03:00Z,https://insights.deribit.com/exchange-updates/1-november-incident-report-and-next-steps/,TRUE,Q1,ELIGIBLE_T1,Public Deribit hack notice and withdrawal halt at 07:03 UTC per preserved incident timeline. T0 is later forensic/incident reconstruction.
2022-11-06,Pando Rings,22000000,DeFi Protocol,Oracle Manipulation,,,,,,,,,,,,UNASSESSED,
2022-11-12,FTX,450000000,CEX,Social Engineering,,,,2022-11-12T04:08:00Z,https://decrypt.co/114269/hundreds-of-millions-of-dollars-drained-from-ftx-overnight-in-unauthorized-transfers,TRUE,,https://www.engadget.com/ftx-investigates-hack-174047127.html,TRUE,Q1,ELIGIBLE_T1,Ryne Miller publicly reported abnormal wallet movements at 11:08pm EST. Explicit FTX Telegram hack warning followed shortly before midnight; exact minute not yet frozen. Bankruptcy context retained as event characteristic.
2022-12-11,3Commas,20000000,CEX,Frontend & Infrastructure,,,,,,,,,,UNRESOLVED,UNRESOLVED,Unauthorized API-key-driven trades occurred across a multi-month episode; later API-data disclosure and earlier phishing reports make one frozen stolen-fund T1 event identity ambiguous. No timestamp forced.
2022-12-24,Defrost,12000000,DeFi Protocol,Key Compromise,,,,,,,,,,,,UNASSESSED,
2023-03-13,Euler V1,197000000,DeFi Protocol,Token & Share Accounting,,,,,,,,,,,,UNASSESSED,
2023-04-03,MEV-Boost Relay,20000000,Other,Frontend & Infrastructure,,,,,,,,,,,,UNASSESSED,
2023-04-08,GDAC,13900000,CEX,Key Compromise,2023-04-08T18:36:59Z,https://dn.institute/research/cyberattacks/incidents/2023-04-09-gdac/,FALSE,,,,,,,UNRESOLVED,UNRESOLVED,"Actual hot-wallet theft verified. Attack timing is forensic; GDAC disclosed on Apr 10, but no exact minute-level earliest public alert satisfying Q1 was preserved."
2023-04-13,Yearn Finance,11539000,DeFi Protocol,Oracle Manipulation,,,,,,,,,,,,UNASSESSED,
2023-04-14,Bitrue,23000000,CEX,Key Compromise,2023-04-14T07:18:00Z,https://support.bitrue.com/hc/en-001/articles/17538384324121-Update-on-Bitrue-s-Security-Breach,FALSE,2023-04-14T09:42:45.907Z,https://twitter.com/BitrueOfficial/status/1646811220543168512,TRUE,2023-04-14T09:42:45.907Z,https://twitter.com/BitrueOfficial/status/1646811220543168512,TRUE,Q1,ELIGIBLE_T1,Official security-breach thread timestamp decoded from X snowflake. The 07:18 UTC exploit time is stated retrospectively by Bitrue and is not used as the primary trigger.
2023-06-03,Atomic Wallet,100000000,Wallet,Frontend & Infrastructure,,,,2023-06-03T10:45:06.216Z,https://twitter.com/AtomicWallet/status/1664946301815910400,TRUE,2023-06-03T10:45:06.216Z,https://twitter.com/AtomicWallet/status/1664946301815910400,TRUE,Q1,ELIGIBLE_T1,Atomic Wallet publicly stated it had received reports of compromised wallets and was investigating. Exact X timestamp decoded from snowflake.
2023-06-11,Floating Point Group,15000000,CEX,Frontend & Infrastructure,,,,,,,,,,UNRESOLVED,UNRESOLVED,"Actual crypto theft/cyber incident verified; public disclosure occurred around Jun 14, but exact earliest public-alert timestamp was not preserved in this pass."
2023-07-07,Multichain,126000000,DeFi Protocol,Key Compromise,,,,,,,,,,,,UNASSESSED,
2023-07-22,CoinsPaid,37300000,Other,Social Engineering,,,,,,,,,,,,UNASSESSED,
2023-07-26,AlphaPo,60000000,CEX,Key Compromise,2023-07-22T02:30:00Z,https://dn.institute/research/cyberattacks/incidents/2023-07-22-alphapo/,FALSE,2023-07-23T02:30:46.165Z,https://twitter.com/zachxbt/status/1682941291825627137,TRUE,,,,Q1,ELIGIBLE_T1,ZachXBT public alert timestamp decoded from X snowflake. Source-universe date reflects later loss recognition; frozen split uses T1 date.
2023-07-30,Curve DEX,61700000,DeFi Protocol,Reentrancy,,,,,,,,,,,,UNASSESSED,
2023-08-02,Bald,23000000,DeFi Protocol,Rugpull,,,,,,,,,,,,UNASSESSED,
2023-08-26,PEPE,15080000,Token,Rugpull,,,,,,,,,,,,UNASSESSED,
2023-09-04,Stake.com,41300000,Other,Key Compromise,,,,2023-09-04T13:31:52.357Z,https://twitter.com/CyversAlerts/status/1698690342113931422,TRUE,,,,Q1,ELIGIBLE_T1,Cyvers public alert timestamp preserved in frozen provenance batch; no market outcome used.
2023-09-07,Fortress Trust,12000000,CEX,Frontend & Infrastructure,,,,,,,,,,UNRESOLVED,UNRESOLVED,"Actual customer-asset theft linked to Retool compromise verified. Fortress disclosed third-party compromise Sep 7, but exact minute-level original public post timestamp was not preserved."
2023-09-12,CoinEx,55000000,CEX,Key Compromise,2023-09-12T13:21:00Z,https://cointelegraph.com/news/coinex-crypto-exchange-suspected-hacked-crypto-moved,FALSE,2023-09-12T13:44:13.198Z,https://twitter.com/CyversAlerts/status/1701592552351359106,TRUE,2023-09-12T17:38:07.145Z,https://twitter.com/coinexcom/status/1701651414991397176,TRUE,Q1,ELIGIBLE_T1,T0 is an on-chain time but no ex-ante anomaly detector is frozen. CoinEx later stated internal risk detection at 13:20 UTC.
2023-09-23,Mixin Network,200000000,Other,Frontend & Infrastructure,,,,,,,,,,,,UNASSESSED,
2023-11-10,Poloniex,126000000,CEX,Social Engineering,,,,2023-11-10T10:55:00Z,https://www.cryptomaton.org/2023/11/10/poloniex-crypto-exchange-hacked-for-114-million/,TRUE,2023-11-10T11:42:13.094Z,https://x.com/justinsuntron/status/1722942733680296246,TRUE,Q3,HOUR_ONLY,Security-firm alert is preserved only to minute-level via secondary contemporaneous reporting. Poloniex maintenance notice was public at 11:07:41Z before explicit confirmation.
2023-11-18,Kronos Research,26000000,Other,Frontend & Infrastructure,,,,,,,,,,,,UNASSESSED,
2023-11-22,Heco Bridge,86600000,DeFi Protocol,Key Compromise,2023-11-22T10:06:00Z,https://dn.institute/research/cyberattacks/incidents/2023-11-23-hecobridge/,FALSE,2023-11-22T11:23:33.581Z,https://twitter.com/PeckShieldAlert/status/1727286692489679360,TRUE,2023-11-22T12:34:00Z,https://twitter.com/justinsuntron/status/1727304656622326180,TRUE,Q1,ELIGIBLE_T1,PeckShield public alert exact timestamp decoded from X snowflake. Incident timeline independently records initial transfer 10:06 UTC and PeckShield alert 11:23 UTC.
2023-11-22,Huobi,13600000,CEX,Key Compromise,,,,,,,,,,UNRESOLVED,UNRESOLVED,Record is entangled with the same-day HECO bridge/HTX incident cluster. Exact HTX-only event identity and earliest public alert require disambiguation before eligibility.
2023-11-22,KyberSwap Elastic,48000000,DeFi Protocol,Token & Share Accounting,,,,,,,,,,,,UNASSESSED,
2023-12-31,Orbit Bridge,81700000,DeFi Protocol,Input Validation,,,,,,,,,,,,UNASSESSED,
2024-01-27,Somesing,11580000,DeFi Protocol,Token & Share Accounting,,,,,,,,,,,,UNASSESSED,
2024-02-09,PlayDapp,290000000,DeFi Protocol,Key Compromise,,,,,,,,,,,,UNASSESSED,
2024-02-18,FixedFloat,26100000,DeFi Protocol,Frontend & Infrastructure,,,,,,,,,,,,UNASSESSED,
2024-03-25,Curio,16000000,DeFi Protocol,Access Control,,,,,,,,,,,,UNASSESSED,
2024-03-26,Munchables,62500000,Gaming,Access Control,2024-03-26T21:32:00Z,https://www.coinlive.com/news/battle-for-97-million-in-blast-chain-are-hackers-from,FALSE,2024-03-26T21:37:38.311Z,https://twitter.com/_munchables_/status/1772739713687752761,TRUE,2024-03-26T21:37:38.311Z,https://twitter.com/_munchables_/status/1772739713687752761,TRUE,Q1,ELIGIBLE_T1,Munchables publicly announced it had been compromised about five minutes after the attack. Exact status ID preserved and timestamp decoded from X snowflake.
2024-03-28,PrismaLST,11600000,DeFi Protocol,Input Validation,,,,,,,,,,,,UNASSESSED,
2024-04-19,Hedgey,44700000,DeFi Protocol,Input Validation,,,,,,,,,,,,UNASSESSED,
2024-04-29,Rain,14800000,CEX,Key Compromise,,,,,,,,,,UNRESOLVED,UNRESOLVED,"Actual theft verified. ZachXBT later publicly reported Apr 29 outflows; accessible Telegram archive preserves the message text/time-of-day but exact immutable UTC message metadata was not frozen, so it is not counted Q1 yet."
2024-05-15,Sonne Finance,20000000,DeFi Protocol,Token & Share Accounting,,,,,,,,,,,,UNASSESSED,
2024-05-20,Gala,22300000,DeFi Protocol,Token & Share Accounting,,,,,,,,,,,,UNASSESSED,
2024-05-31,DMM Bitcoin,305000000,CEX,Social Engineering,2024-05-31T04:12:00Z,https://indd.adobe.com/view/publication/733ec833-8311-4c15-b27a-96561ccdef59/wiic/publication-web-resources/pdf/2024_Q4__Hack3d_Report.pdf,FALSE,,,,,https://bitcoin.dmm.com/news/20240531_01,TRUE,UNRESOLVED,UNRESOLVED,Later reconstruction places 4502.9 BTC sweep near 04:12 UTC; DMM internal detection at 04:26 UTC. Exact public announcement timestamp unresolved; it was public by contemporaneous Japanese press later that day.
2024-06-04,Lykke,22400000,CEX,Key Compromise,,,,2024-06-09T14:35:49.941Z,https://x.com/somaxbt/status/1799812652610511043,TRUE,,,,Q1,ELIGIBLE_T1,SomaXBT public alert timestamp decoded from X snowflake. Alert occurred days after the underlying attack; latency is retained rather than hindsight-shifting T1.
2024-06-10,UwU Lend,20000000,DeFi Protocol,Oracle Manipulation,,,,,,,,,,,,UNASSESSED,
2024-06-22,BtcTurk,54000000,CEX,Key Compromise,,,,2024-06-22T11:47:06.869Z,https://x.com/zachxbt/status/1804481235622015187,TRUE,,https://kripto.btcturk.com/kurumsal/duyuru-detay/siber-saldiri-bilgilendirmesi,TRUE,Q1,ELIGIBLE_T1,ZachXBT X timestamp decoded from status snowflake. Exact BtcTurk official publication metadata still unresolved.
2024-07-18,WazirX: India,234900000,CEX,Social Engineering,2024-07-18T06:19:00Z,https://crypto.news/indian-exchange-wazirx-loses-234m-in-recent-exploit/,FALSE,2024-07-18T07:12:10.935Z,https://twitter.com/CyversAlerts/status/1813834131165286464,TRUE,2024-07-18T07:48:34.557Z,https://x.com/WazirXIndia/status/1813843289940058446,TRUE,Q1,ELIGIBLE_T1,T1 precedes official disclosure by about 36 minutes. T0 is later-reconstructed on-chain timing and is not yet an ex-ante tradable trigger.
2024-08-06,Ronin Bridge,12000000,DeFi Protocol,Access Control,,,,,,,,,,,,UNASSESSED,
2024-09-03,Penpie,27000000,DeFi Protocol,Reentrancy,,,,,,,,,,,,UNASSESSED,
2024-09-10,Indodax,25200000,CEX,Frontend & Infrastructure,,,,2024-09-10T22:10:09.087Z,https://x.com/CyversAlerts/status/1833629057256239175,TRUE,,,,Q1,ELIGIBLE_T1,Cyvers public alert timestamp decoded from X snowflake; alert reported multi-chain suspicious wallet transactions.
2024-09-20,BingX,43300000,CEX,Key Compromise,,,,,,,2024-09-20T02:13:17.746Z,https://x.com/BingXOfficial/status/1836951737317609534,TRUE,UNRESOLVED,UNRESOLVED,"Actual hot-wallet theft verified. PeckShield publicly alerted earlier than BingX's exact official post, but the exact original PeckShield status ID/timestamp was not recovered; secondary sources place it near 00:37 UTC. Earliest-T1 rule prevents substituting the later official post."
2024-10-16,Radiant V2,50000000,DeFi Protocol,Social Engineering,,,,,,,,,,,,UNASSESSED,
2024-10-24,US Government Crypto Wallet,20000000,Other,Key Compromise,,,,,,,,,,,,UNASSESSED,
2024-10-31,M2 Exchange,13700000,CEX,Key Compromise,,,,2024-11-01T10:54:37.365Z,https://x.com/CyversAlerts/status/1852303223903633572,TRUE,,,,Q1,ELIGIBLE_T1,Cyvers public incident-alert timestamp decoded from X snowflake. M2 later acknowledged and restored customer balances.
2024-11-15,ThalaSwap,25500000,DeFi Protocol,Input Validation,,,,,,,,,,,,UNASSESSED,
2024-11-16,DEXX,21000000,Wallet,Key Compromise,,,,,,,,,,,,UNASSESSED,
2025-01-23,Phemex,85000000,CEX,Key Compromise,,,,,,,2025-01-23T13:44:20Z,https://phemex.com/announcements/important-notice-on-phemex-wallet-inspection-and-temporary-withdrawal-suspension,TRUE,Q2,ELIGIBLE_T2,Phemex later states internal detection around 11:30 UTC. Exact earliest independent public alert remains unresolved.
2025-01-28,DogWifTools,10000000,Other,Frontend & Infrastructure,,,,,,,,,,,,UNASSESSED,
2025-02-21,Bybit,1400000000,CEX,Social Engineering,2025-02-21T14:13:00Z,https://www.bybit.com/en/learn/this-week-in-bybit/bybit-security-incident-timeline,FALSE,,,,2025-02-21T15:44:09.871Z,https://x.com/benbybit/status/1892963530422505586,TRUE,Q2,ELIGIBLE_T2,Official later timeline places attack near 14:13 UTC; technical reconstruction near 14:16. Earliest independent public security alert still unresolved.
2025-02-24,Infini,49500000,DeFi Protocol,Key Compromise,,,,2025-02-24T04:05:06.508Z,https://x.com/PeckShieldAlert/status/1893874770803851454,TRUE,,,,Q1,ELIGIBLE_T1,PeckShield public security alert; exact timestamp decoded from preserved X snowflake ID. No market outcome used.
2025-03-25,Abracadabra Spell,13000000,DeFi Protocol,Protocol Logic,,,,2025-03-25T11:52:19.989Z,https://x.com/PeckShieldAlert/status/1904511117032419513,TRUE,,,,Q1,ELIGIBLE_T1,PeckShield public exploit alert; exact timestamp decoded from preserved X snowflake ID. No market outcome used.
2025-04-01,UPCX,70000000,DeFi Protocol,Access Control,,,,2025-04-01T12:26:36.826Z,https://x.com/CyversAlerts/status/1907055450179033532,TRUE,,,,Q1,ELIGIBLE_T1,Cyvers public security alert; exact timestamp decoded from preserved X snowflake ID. No market outcome used.
2025-04-20,Bitget,100000000,CEX,Market Manipulation,,,,,,,2025-04-20T13:24:00Z,https://www.bitget.com/support/articles/12560603825918,TRUE,Q2,UNRESOLVED,"Official source identifies abnormal VOXELUSDT futures trading / suspected market manipulation and says funds were secure. Preserve row, but it is a non-theft mechanism-ineligibility example for any future stolen-fund hypothesis."
2025-05-08,BitoPro,11500000,CEX,Frontend & Infrastructure,,,,,,,,,,,,UNASSESSED,
2025-05-22,Cetus CLMM,223000000,DeFi Protocol,Token & Share Accounting,,,,2025-05-22T11:34:42.911Z,https://x.com/CetusProtocol/status/1925519341429901443,TRUE,,,,Q1,ELIGIBLE_T1,Official public emergency/security notice; exact timestamp decoded from preserved X snowflake ID. No market outcome used.
2025-05-28,Cork V1,12000000,DeFi Protocol,Access Control,,,,2025-05-28T12:20:04.114Z,https://x.com/CyversAlerts/status/1927701403092316254,TRUE,,,,Q1,ELIGIBLE_T1,Cyvers public security alert; exact timestamp decoded from preserved X snowflake ID. No market outcome used.
2025-06-18,Nobitex,82000000,CEX,Social Engineering,,,,2025-06-18T07:00:04.425Z,https://x.com/GonjeshkeDarand/status/1935231018937536681,TRUE,2025-06-18T07:54:35.680Z,https://x.com/nobitexmarket/status/1935244739575480472,TRUE,Q1,ELIGIBLE_T1,"Predatory Sparrow public claim is the earliest exact UTC public signal currently preserved. ZachXBT Telegram appears earlier but its exact UTC metadata is not yet frozen. Later evidence indicates funds were burned, useful as a mechanism-negative case but not an ex-ante filter."
2025-07-09,GMX V1 Perps,42000000,DeFi Protocol,Reentrancy,,,,2025-07-09T14:11:10.246Z,https://x.com/SlowMist_Team/status/1942949653231841352,TRUE,,,,Q1,ELIGIBLE_T1,SlowMist public attack alert reporting >$42M outflow; exact timestamp decoded from preserved X snowflake ID. No market outcome used.
2025-07-16,BigONE,27000000,CEX,Frontend & Infrastructure,,,,2025-07-16T04:56:41.778Z,https://x.com/SlowMist_Team/status/1945346830222680330,TRUE,,,,Q1,ELIGIBLE_T1,SlowMist public compromise alert reporting attacker-enabled withdrawals and >$27M loss; exact timestamp decoded from preserved X snowflake ID. No market outcome used.
2025-07-19,CoinDCX,44200000,CEX,Key Compromise,,,,2025-07-19T05:40:39.000Z,https://x.com/CyversAlerts/status/1946454631738235134,TRUE,,,,Q1,ELIGIBLE_T1,Cyvers public security alert; exact timestamp derived from preserved X snowflake ID. No market outcome used.
2025-07-24,WOO X,14000000,CEX,Social Engineering,,,,2025-07-24T08:23:04.000Z,https://x.com/CyversAlerts/status/1948319520584540238,TRUE,,,,Q1,ELIGIBLE_T1,Cyvers public security alert; exact timestamp derived from preserved X snowflake ID. No market outcome used.
2025-08-14,BtcTurk,48000000,CEX,Key Compromise,,,,2025-08-14T12:39:00Z,https://www.certik.com/resources/blog/btcturk-incident,TRUE,,,,Q1,ELIGIBLE_T1,CertiK monitoring public alert reported >$50M suspicious withdrawals from three wallets; minute-level public timestamp preserved. No market outcome used.
2025-09-09,SwissBorg,41500000,CEX,Frontend & Infrastructure,,,,,,,,,,,,UNASSESSED,
2025-09-22,UXLINK,11300000,DeFi Protocol,Access Control,,,,,,,,,,,,UNASSESSED,
2025-09-24,SBI Crypto,21000000,Other,Key Compromise,,,,,,,,,,,,UNASSESSED,
2025-10-30,Garden,11400000,DeFi Protocol,Frontend & Infrastructure,,,,,,,,,,,,UNASSESSED,
2025-11-03,Balancer V2,128000000,DeFi Protocol,Token & Share Accounting,,,,,,,,,,,,UNASSESSED,
2025-11-26,Upbit,36000000,CEX,Social Engineering,,,,,,,,,,,,UNASSESSED,
2026-01-08,Truebit,26400000,DeFi Protocol,Token & Share Accounting,,,,,,,,,,,,UNASSESSED,
2026-01-25,Matcha,13430000,DeFi Protocol,Frontend & Infrastructure,,,,,,,,,,,,UNASSESSED,
2026-01-31,Step Finance,40000000,DeFi Protocol,Key Compromise,,,,,,,,,,,,UNASSESSED,
2026-02-22,Blend Pools V2,10970000,DeFi Protocol,Oracle Manipulation,,,,,,,,,,,,UNASSESSED,
2026-03-21,Resolv USR,24500000,DeFi Protocol,Frontend & Infrastructure,,,,,,,,,,,,UNASSESSED,
2026-04-01,Drift Trade,295000000,DeFi Protocol,Access Control,,,,,,,,,,,,UNASSESSED,
2026-04-16,Grinex,13740000,CEX,Key Compromise,,,,,,,,,,,,UNASSESSED,
2026-04-16,Rhea Lend,18400000,DeFi Protocol,Oracle Manipulation,,,,,,,,,,,,UNASSESSED,
2026-04-18,Kelp,293000000,DeFi Protocol,Bridge & Cross-Chain,,,,,,,,,,,,UNASSESSED,
2026-05-15,THORChain DEX,10700000,Chain,Bridge & Cross-Chain,,,,,,,,,,,,UNASSESSED,
2026-05-17,Verus-Ethereum Bridge,11500000,DeFi Protocol,Bridge & Cross-Chain,,,,,,,,,,,,UNASSESSED,
2026-05-27,SUPERFORTUNE AI,15180000,Token,Access Control,,,,,,,,,,,,UNASSESSED,
2026-06-07,Syscoin Bridge,10000000,DeFi Protocol,Bridge & Cross-Chain,,,,,,,,,,,,UNASSESSED,
2026-06-08,Humanity,32000000,DeFi Protocol,Key Compromise,,,,,,,,,,,,UNASSESSED,
2026-07-06,BonkDAO,20000000,Token,Governance,,,,,,,,,,,,UNASSESSED,
2026-07-15,Ostium,23750000,DeFi Protocol,Key Compromise,,,,,,,,,,,,UNASSESSED,
2026-07-21,Wanchain,10000000,Chain,Input Validation,,,,,,,,,,,,UNASSESSED,
2026-07-22,AFX Bridge,24150000,DeFi Protocol,Key Compromise,,,,,,,,,,,,UNASSESSED,
2026-07-31,COLDCARD,116000000,Wallet,Key Compromise,,,,,,,,,,,,UNASSESSED,
2026-08-05,KITE Foundation,13340000,Wallet,Key Compromise,,,,,,,,,,,,UNASSESSED,
2026-08-24,Nesa,50000000,Chain,Token & Share Accounting,,,,,,,,,,,,UNASSESSED,
2026-08-30,Tectonic,124470000,DeFi Protocol,Token & Share Accounting,,,,,,,,,,,,UNASSESSED,
